<anim ver="netanim-3.108" filetype="animation" >
<node id="0" sysId="0" locX="99" locY="40" />
<node id="1" sysId="0" locX="87" locY="8" />
<nu p="c" t="0" id="0" r="255" g="0" b="0" />
<nu p="c" t="0" id="1" r="255" g="0" b="0" />
<link fromId="0" toId="1" fd="10.1.1.1~00:00:00:00:00:01" td="10.1.1.2~00:00:00:00:00:02" ld="" />
<nonp2plinkproperties id="0" ipAddress="127.0.0.1~00:00:00:00:00:00" channelType="Unknown channel" />
<nonp2plinkproperties id="1" ipAddress="127.0.0.1~00:00:00:00:00:00" channelType="Unknown channel" />
<ip n="0" >
<address >10.1.1.1</address>

<address >127.0.0.1</address>

</ip>
<ip n="0" >
<address >10.1.1.1</address>

<address >127.0.0.1</address>

</ip>
<ip n="1" >
<address >10.1.1.2</address>

<address >127.0.0.1</address>

</ip>
<ip n="1" >
<address >10.1.1.2</address>

<address >127.0.0.1</address>

</ip>
<ipv6 n="0" >
<address >::1</address>

</ipv6>
<ipv6 n="1" >
<address >::1</address>

</ipv6>
<nu p="s" t="0" id="0" w="1" h="1" />
<nu p="s" t="0" id="1" w="1" h="1" />
<ncs ncId="0" n="RemainingEnergy" t="DOUBLE" />
<nu p="p" t="0.25" id="0" x="200" y="200" />
<nu p="p" t="0.25" id="1" x="300" y="300" />
<p fId="0" fbTx="3" lbTx="3.000519999" tId="1" fbRx="3.001" lbRx="3.001519999" />
<p fId="1" fbTx="3.001519999" lbTx="3.002039998" tId="0" fbRx="3.002519999" lbRx="3.003039998" />
<p fId="0" fbTx="4" lbTx="4.000519999" tId="1" fbRx="4.001" lbRx="4.001519999" />
<p fId="1" fbTx="4.001519999" lbTx="4.002039998" tId="0" fbRx="4.002519999" lbRx="4.003039998" />
<p fId="0" fbTx="5" lbTx="5.000519999" tId="1" fbRx="5.001" lbRx="5.001519999" />
<p fId="1" fbTx="5.001519999" lbTx="5.002039998" tId="0" fbRx="5.002519999" lbRx="5.003039998" />
<p fId="0" fbTx="6" lbTx="6.000519999" tId="1" fbRx="6.001" lbRx="6.001519999" />
<p fId="1" fbTx="6.001519999" lbTx="6.002039998" tId="0" fbRx="6.002519999" lbRx="6.003039998" />
</anim>
