<anim ver="netanim-3.108" filetype="animation" >
<node id="0" sysId="0" locX="60" locY="11" />
<node id="1" sysId="0" locX="99" locY="15" />
<node id="2" sysId="0" locX="27" locY="91" />
<node id="3" sysId="0" locX="56" locY="68" />
<node id="4" sysId="0" locX="94" locY="5" />
<nu p="c" t="0" id="0" r="255" g="0" b="0" />
<nu p="c" t="0" id="1" r="255" g="0" b="0" />
<nu p="c" t="0" id="2" r="255" g="0" b="0" />
<nu p="c" t="0" id="3" r="255" g="0" b="0" />
<nu p="c" t="0" id="4" r="255" g="0" b="0" />
<nonp2plinkproperties id="0" ipAddress="127.0.0.1~00:00:00:00:00:00" channelType="Unknown channel" />
<link fromId="0" toId="1" fd="10.0.0.1~00:00:00:00:00:01" td="10.0.0.2~00:00:00:00:00:02" ld="" />
<link fromId="0" toId="2" fd="10.0.1.1~00:00:00:00:00:03" td="10.0.1.2~00:00:00:00:00:04" ld="" />
<link fromId="0" toId="3" fd="10.0.2.1~00:00:00:00:00:05" td="10.0.2.2~00:00:00:00:00:06" ld="" />
<link fromId="0" toId="4" fd="10.0.3.1~00:00:00:00:00:07" td="10.0.3.2~00:00:00:00:00:08" ld="" />
<nonp2plinkproperties id="1" ipAddress="127.0.0.1~00:00:00:00:00:00" channelType="Unknown channel" />
<nonp2plinkproperties id="2" ipAddress="127.0.0.1~00:00:00:00:00:00" channelType="Unknown channel" />
<nonp2plinkproperties id="3" ipAddress="127.0.0.1~00:00:00:00:00:00" channelType="Unknown channel" />
<nonp2plinkproperties id="4" ipAddress="127.0.0.1~00:00:00:00:00:00" channelType="Unknown channel" />
<ip n="0" >
<address >127.0.0.1</address>

<address >10.0.0.1</address>

<address >10.0.1.1</address>

<address >10.0.2.1</address>

<address >10.0.3.1</address>

</ip>
<ip n="0" >
<address >127.0.0.1</address>

<address >10.0.0.1</address>

<address >10.0.1.1</address>

<address >10.0.2.1</address>

<address >10.0.3.1</address>

</ip>
<ip n="0" >
<address >127.0.0.1</address>

<address >10.0.0.1</address>

<address >10.0.1.1</address>

<address >10.0.2.1</address>

<address >10.0.3.1</address>

</ip>
<ip n="0" >
<address >127.0.0.1</address>

<address >10.0.0.1</address>

<address >10.0.1.1</address>

<address >10.0.2.1</address>

<address >10.0.3.1</address>

</ip>
<ip n="0" >
<address >127.0.0.1</address>

<address >10.0.0.1</address>

<address >10.0.1.1</address>

<address >10.0.2.1</address>

<address >10.0.3.1</address>

</ip>
<ip n="1" >
<address >10.0.0.2</address>

<address >127.0.0.1</address>

</ip>
<ip n="1" >
<address >10.0.0.2</address>

<address >127.0.0.1</address>

</ip>
<ip n="2" >
<address >10.0.1.2</address>

<address >127.0.0.1</address>

</ip>
<ip n="2" >
<address >10.0.1.2</address>

<address >127.0.0.1</address>

</ip>
<ip n="3" >
<address >10.0.2.2</address>

<address >127.0.0.1</address>

</ip>
<ip n="3" >
<address >10.0.2.2</address>

<address >127.0.0.1</address>

</ip>
<ip n="4" >
<address >10.0.3.2</address>

<address >127.0.0.1</address>

</ip>
<ip n="4" >
<address >10.0.3.2</address>

<address >127.0.0.1</address>

</ip>
<ipv6 n="0" >
<address >::1</address>

</ipv6>
<ipv6 n="1" >
<address >::1</address>

</ipv6>
<ipv6 n="2" >
<address >::1</address>

</ipv6>
<ipv6 n="3" >
<address >::1</address>

</ipv6>
<ipv6 n="4" >
<address >::1</address>

</ipv6>
<nu p="s" t="0" id="0" w="1" h="1" />
<nu p="s" t="0" id="1" w="1" h="1" />
<nu p="s" t="0" id="2" w="1" h="1" />
<nu p="s" t="0" id="3" w="1" h="1" />
<nu p="s" t="0" id="4" w="1" h="1" />
<ncs ncId="0" n="RemainingEnergy" t="DOUBLE" />
<nu p="p" t="0.25" id="0" x="300" y="300" />
<nu p="p" t="0.25" id="1" x="200" y="300" />
<nu p="p" t="0.25" id="2" x="400" y="300" />
<nu p="p" t="0.25" id="3" x="300" y="400" />
<nu p="p" t="0.25" id="4" x="300" y="200" />
<p fId="1" fbTx="2" lbTx="2.000010399" tId="0" fbRx="2.002" lbRx="2.002010399" />
<p fId="0" fbTx="2.002010399" lbTx="2.002020798" tId="1" fbRx="2.004010399" lbRx="2.004020798" />
<p fId="1" fbTx="3" lbTx="3.000010399" tId="0" fbRx="3.002" lbRx="3.002010399" />
<p fId="2" fbTx="3" lbTx="3.000010399" tId="0" fbRx="3.002" lbRx="3.002010399" />
<p fId="0" fbTx="3.002010399" lbTx="3.002020798" tId="1" fbRx="3.004010399" lbRx="3.004020798" />
<p fId="0" fbTx="3.002010399" lbTx="3.002020798" tId="2" fbRx="3.004010399" lbRx="3.004020798" />
<p fId="1" fbTx="4" lbTx="4.000010399" tId="0" fbRx="4.002" lbRx="4.002010399" />
<p fId="2" fbTx="4" lbTx="4.000010399" tId="0" fbRx="4.002" lbRx="4.002010399" />
<p fId="3" fbTx="4" lbTx="4.000010399" tId="0" fbRx="4.002" lbRx="4.002010399" />
<p fId="0" fbTx="4.002010399" lbTx="4.002020798" tId="1" fbRx="4.004010399" lbRx="4.004020798" />
<p fId="0" fbTx="4.002010399" lbTx="4.002020798" tId="2" fbRx="4.004010399" lbRx="4.004020798" />
<p fId="0" fbTx="4.002010399" lbTx="4.002020798" tId="3" fbRx="4.004010399" lbRx="4.004020798" />
<p fId="1" fbTx="5" lbTx="5.000010399" tId="0" fbRx="5.002" lbRx="5.002010399" />
<p fId="2" fbTx="5" lbTx="5.000010399" tId="0" fbRx="5.002" lbRx="5.002010399" />
<p fId="3" fbTx="5" lbTx="5.000010399" tId="0" fbRx="5.002" lbRx="5.002010399" />
<p fId="4" fbTx="5" lbTx="5.000010399" tId="0" fbRx="5.002" lbRx="5.002010399" />
<p fId="0" fbTx="5.002010399" lbTx="5.002020798" tId="1" fbRx="5.004010399" lbRx="5.004020798" />
<p fId="0" fbTx="5.002010399" lbTx="5.002020798" tId="2" fbRx="5.004010399" lbRx="5.004020798" />
<p fId="0" fbTx="5.002010399" lbTx="5.002020798" tId="3" fbRx="5.004010399" lbRx="5.004020798" />
<p fId="0" fbTx="5.002010399" lbTx="5.002020798" tId="4" fbRx="5.004010399" lbRx="5.004020798" />
<p fId="1" fbTx="6" lbTx="6.000010399" tId="0" fbRx="6.002" lbRx="6.002010399" />
<p fId="2" fbTx="6" lbTx="6.000010399" tId="0" fbRx="6.002" lbRx="6.002010399" />
<p fId="3" fbTx="6" lbTx="6.000010399" tId="0" fbRx="6.002" lbRx="6.002010399" />
<p fId="4" fbTx="6" lbTx="6.000010399" tId="0" fbRx="6.002" lbRx="6.002010399" />
<p fId="0" fbTx="6.002010399" lbTx="6.002020798" tId="1" fbRx="6.004010399" lbRx="6.004020798" />
<p fId="0" fbTx="6.002010399" lbTx="6.002020798" tId="2" fbRx="6.004010399" lbRx="6.004020798" />
<p fId="0" fbTx="6.002010399" lbTx="6.002020798" tId="3" fbRx="6.004010399" lbRx="6.004020798" />
<p fId="0" fbTx="6.002010399" lbTx="6.002020798" tId="4" fbRx="6.004010399" lbRx="6.004020798" />
<p fId="1" fbTx="7" lbTx="7.000010399" tId="0" fbRx="7.002" lbRx="7.002010399" />
<p fId="2" fbTx="7" lbTx="7.000010399" tId="0" fbRx="7.002" lbRx="7.002010399" />
<p fId="3" fbTx="7" lbTx="7.000010399" tId="0" fbRx="7.002" lbRx="7.002010399" />
<p fId="4" fbTx="7" lbTx="7.000010399" tId="0" fbRx="7.002" lbRx="7.002010399" />
<p fId="0" fbTx="7.002010399" lbTx="7.002020798" tId="1" fbRx="7.004010399" lbRx="7.004020798" />
<p fId="0" fbTx="7.002010399" lbTx="7.002020798" tId="2" fbRx="7.004010399" lbRx="7.004020798" />
<p fId="0" fbTx="7.002010399" lbTx="7.002020798" tId="3" fbRx="7.004010399" lbRx="7.004020798" />
<p fId="0" fbTx="7.002010399" lbTx="7.002020798" tId="4" fbRx="7.004010399" lbRx="7.004020798" />
<p fId="1" fbTx="8" lbTx="8.000010399" tId="0" fbRx="8.002" lbRx="8.002010399" />
<p fId="2" fbTx="8" lbTx="8.000010399" tId="0" fbRx="8.002" lbRx="8.002010399" />
<p fId="3" fbTx="8" lbTx="8.000010399" tId="0" fbRx="8.002" lbRx="8.002010399" />
<p fId="4" fbTx="8" lbTx="8.000010399" tId="0" fbRx="8.002" lbRx="8.002010399" />
<p fId="0" fbTx="8.002010399" lbTx="8.002020798" tId="1" fbRx="8.004010399" lbRx="8.004020798" />
<p fId="0" fbTx="8.002010399" lbTx="8.002020798" tId="2" fbRx="8.004010399" lbRx="8.004020798" />
<p fId="0" fbTx="8.002010399" lbTx="8.002020798" tId="3" fbRx="8.004010399" lbRx="8.004020798" />
<p fId="0" fbTx="8.002010399" lbTx="8.002020798" tId="4" fbRx="8.004010399" lbRx="8.004020798" />
<p fId="1" fbTx="9" lbTx="9.000010399" tId="0" fbRx="9.002" lbRx="9.002010399" />
<p fId="2" fbTx="9" lbTx="9.000010399" tId="0" fbRx="9.002" lbRx="9.002010399" />
<p fId="3" fbTx="9" lbTx="9.000010399" tId="0" fbRx="9.002" lbRx="9.002010399" />
<p fId="4" fbTx="9" lbTx="9.000010399" tId="0" fbRx="9.002" lbRx="9.002010399" />
<p fId="0" fbTx="9.002010399" lbTx="9.002020798" tId="1" fbRx="9.004010399" lbRx="9.004020798" />
<p fId="0" fbTx="9.002010399" lbTx="9.002020798" tId="2" fbRx="9.004010399" lbRx="9.004020798" />
<p fId="0" fbTx="9.002010399" lbTx="9.002020798" tId="3" fbRx="9.004010399" lbRx="9.004020798" />
<p fId="0" fbTx="9.002010399" lbTx="9.002020798" tId="4" fbRx="9.004010399" lbRx="9.004020798" />
</anim>
